,total,return,special_proposition
0,88.6789698123428,False,9.141026704834733
1,104.08510536996356,True,8.569497674143486
2,136.88356100625884,False,50.30085870273132
3,122.46742593655424,False,44.53271313969731
4,145.38333883943383,True,0.07590529130740503
5,26.51314307085262,False,11.951336881786316
6,250.35104262823572,True,6.907054359018515
7,65.90523863987633,False,32.318259521579165
8,126.47487453215119,False,21.24544635100872
9,38.48572559326967,False,27.21015674892968
10,249.5199614572578,False,25.40090074150025
11,66.58149130440492,True,4.074003749648155
12,183.35793317125606,True,11.413557240287421
13,13.96211789939274,False,3.5714872831451787
14,281.57292896088944,False,142.156681242606
15,157.91118882531836,True,14.174335718776494
16,182.60904509297455,False,50.871705843429055
17,86.12668182185251,True,6.19680146406499
18,91.01389925002306,False,71.7474899127829
19,102.3408040955476,True,7.2332176795497425
20,237.43851649520877,False,23.943740899206915
21,80.50499573812579,False,31.903800762069807
22,171.1534475868738,True,0.68312432205774
23,30.45263791647443,False,5.763530640933878
24,49.62591758720316,False,12.89812418208383
25,154.67238680917927,False,113.82080992361419
26,75.11412372508502,False,40.05003014765549
27,83.69802385705137,True,7.031162869284725
28,254.85066617121802,True,3.9976840400853573
29,520.7734341813831,True,44.634254951350904
30,88.8417693776849,False,57.12071082070707
31,202.27576144289964,True,17.7270933952217
32,169.7946172969887,True,16.05464764590097
33,176.12518976310753,False,24.67079223732836
34,49.33622983969172,False,5.172823708571815
35,394.43981325543956,True,23.173225789990802
36,132.3736820985904,False,43.434054874993755
37,218.15232283315717,False,30.48373040362618
38,151.28706771029093,False,19.922677270328254
39,69.43724841346696,False,67.65479983206347
40,30.607638155382737,False,26.960305608565317
41,47.234644021431016,False,38.72305452666501
42,276.10342000502783,False,75.01966955798416
43,412.68257585730356,False,97.71996812200474
44,73.76121519479393,True,4.00194435427771
45,103.41571233973954,False,15.167466609027244
46,165.05040326364852,False,18.86095373423363
47,114.66625244704922,False,78.68068409867672
48,109.53576512973643,False,67.67760750258813
49,10.349537285615984,False,4.703480466981111
50,157.75210686528476,False,33.94177632227119
51,191.72611632717832,True,8.310918943743566
52,27.96934864385392,False,16.21136379787716
53,75.56338840203459,False,9.549590379990322
54,38.61699088818948,True,0.5209237926493054
55,43.18949577122092,True,0.782049645919523
56,123.83276176673509,True,2.4663541675148877
57,58.06280130367887,False,15.816018180895862
58,183.85962879324012,True,4.052146058249509
59,215.00575333472824,False,77.07828806564281
60,51.965479599962336,True,0.940359137923817
61,174.19136334824753,False,66.62989767164201
62,173.14022217937736,True,10.785709125231355
63,35.18392576196074,False,12.674631877864275
64,216.42038585207865,True,16.597937713139203
65,37.1705547175338,False,36.938039700578585
66,21.771108533623362,False,5.317567630877786
67,182.2823948862932,True,8.828508195308718
68,320.9472161291886,True,5.318017479274162
69,94.93582576479218,False,47.1764858210041
70,151.47279497254502,True,8.6200565209091
71,75.79982530889137,False,33.8804198745473
72,113.13354028291744,False,17.400699790772485
73,260.1775876072468,False,35.08004659841161
74,104.92848134895812,False,45.1834141950511
75,227.31761014088582,True,14.129543670329578
76,315.9685625357428,True,24.777714256609876
77,235.20342931374154,False,72.65855744693299
78,73.42373379331517,False,58.25151578290609
79,142.73836529933766,True,4.1321140352709955
80,92.9959984839708,True,4.332458563770643
81,594.0246690988682,True,57.422816288476234
82,74.03738639330874,False,71.62933637936302
83,141.975307811397,True,13.390727259553811
84,29.57509640733506,False,24.169351598325697
85,90.31466926923996,True,1.4039349597217992
86,321.833613194014,False,49.000563172677076
87,155.78482444593485,True,5.989500042806899
88,358.0261794925449,False,43.22097483376207
89,131.3845299429347,True,4.84003921073457
90,148.9158619347501,True,2.064758036986247
91,83.2394918946068,False,21.832268906736427
92,93.69979665016518,False,13.676604480994191
93,223.44769557532098,True,12.382829147275585
94,59.95515016986408,False,32.2184595361415
95,57.04565775664561,False,10.09874397327722
96,346.9534324631955,True,20.908127390317237
97,124.1056735207989,False,15.945892891165908
98,62.19641896393977,True,2.327061927929029
99,50.68875359145461,False,27.12974461067209
100,125.12867754122917,False,21.225338889190805
101,115.78612154380161,False,18.990832881512823
102,259.4763995638168,False,28.013441715952382
103,113.8104585299117,False,79.65842622357611
104,169.42143805017975,False,92.42821201833037
105,89.23101714720389,True,8.429857470281375
106,12.802316925194644,False,9.202899886891938
107,25.794169353646637,False,17.35761654545878
108,124.70217421363269,False,76.24292586482328
109,50.241374793039874,False,49.36100573908885
110,129.507901218437,False,22.561861535319398
111,8.229776526443906,False,2.736875958387559
112,70.16442625205865,True,2.680514934845122
113,145.15129559183572,True,2.3036832487346675
114,195.18085236189833,False,38.27360100826422
115,190.63912191211728,True,17.681918378683363
116,93.01823088125938,True,1.1221102237471823
117,374.11311108002053,True,1.8119662895594444
118,309.57206590972896,False,47.957393054969934
119,12.250102932972261,False,8.561728756460267
120,91.53285145752066,False,28.520546609209315
121,108.73152321199478,False,20.035438527533447
122,244.0955850582963,True,1.0647795265684405
123,116.75958456106638,True,0.30233777361241837
124,182.6115239868312,False,32.29392390667214
125,408.2780780484468,False,112.07887009340087
126,169.30064225527434,False,28.894271839944274
127,142.46634285731025,False,126.92003998151174
128,103.41511406349899,False,95.34680804661132
129,110.22757927482118,False,87.9815395484874
130,22.16072001521964,False,3.8639800023232427
131,265.1602667070234,False,30.617965246051025
132,102.27178351029559,False,45.24695181865299
133,152.55975082796516,False,65.22648148510716
134,154.59631718014668,False,54.96376062299154
135,179.36640507003187,False,141.52726313519184
136,334.29986565132583,False,43.036196542335375
137,106.60772359723165,False,73.63353355747542
138,42.00903672426033,True,3.4027260235992407
139,282.50198299209103,True,1.3985557640717508
140,243.82834748973312,False,54.84396033516922
141,128.31204809242513,False,22.134921036714875
142,79.84375536450602,False,59.98314698485457
143,97.28926646154927,False,16.274040301440056
144,15.221091114682675,False,4.975967222337004
145,107.6875586373688,False,46.8331090331463
146,35.963517200417144,False,35.56812414374624
147,156.7777060814451,False,95.4576540265812
148,69.79015692452097,False,29.855761038900027
149,156.81512837476845,True,1.3881957253428976
150,149.80133812543124,False,20.006032779555547
151,47.17709735068823,False,15.918833181283476
152,266.72288492187477,False,123.65276272116569
153,166.6908412879439,False,19.057794573056963
154,285.5241702987725,True,11.344298886270163
155,114.98304047264389,False,40.32427796261155
156,36.72415103387213,False,22.633295293284284
157,49.92438159018691,False,24.939369495720246
158,80.83165955055841,False,17.99069360290776
159,125.23302687369238,False,64.09580927138742
160,572.0378702826227,True,17.119330658534615
161,205.36961468170767,False,41.461702161611115
162,256.3707143393232,False,90.7722637340723
163,167.47660141317044,True,4.242983165012015
164,494.6517385851163,True,30.521903152285923
165,15.899668667472515,True,0.855954045886349
166,89.23094499920742,True,8.45749582414601
167,159.92545109405114,True,12.78841954025755
168,82.32909369174077,True,6.605511582838565
169,520.1664729496378,True,5.0989437561515345
170,454.2467003235615,False,91.61760380363373
171,147.82535308194437,False,62.221235199954585
172,249.95433268231596,False,137.40421785521607
173,119.3946979229244,False,41.49745938913758
174,70.17828257923458,False,25.037768825277585
175,178.72333081901252,False,56.38868748811574
176,429.92278601306606,False,44.830302931542256
177,55.8861134559841,False,18.94622684260813
178,42.34246617778466,False,21.03068521650254
179,135.53451673677696,True,0.9811281275271541
180,93.86084612470489,False,9.964519134487748
181,36.12960268421236,False,10.525616087751063
182,134.50971613250906,False,117.99226368994128
183,169.11115003895137,False,41.81181594639905
184,154.38154967335876,False,69.19526209958192
185,218.0793606179686,False,110.97175267921811
186,168.07465746476737,True,4.139145690674805
187,217.20788926372947,False,54.53901128623277
188,116.03220667825026,False,27.13555805545461
189,193.8748289704597,True,15.895184459108409
190,210.7198724522112,True,3.750177968719392
191,117.55261901205492,True,10.511925376004138
192,21.672940103844944,True,0.9837467435670626
193,221.41897346004856,False,31.584152184351108
194,18.659733460051257,True,0.6112689347835574
195,156.594540572167,False,21.838807027139204
196,42.31063262969088,False,9.387571587177854
197,39.881851265726795,False,17.56919107648287
198,330.1611902849795,True,27.528518490171106
199,203.36942563902852,False,39.05741080010633
200,55.42568936307713,False,17.266718849958096
201,52.468716848491155,True,0.38002741527723105
202,334.4464374659039,True,1.7062177707341086
203,84.90669870564943,True,5.892472916516656
204,16.484035967162818,False,5.0384729460006366
205,80.6274171584273,False,10.156076249170868
206,217.8074319831299,True,5.898960933981561
207,174.46487331005926,False,100.60488805637245
208,90.59876482649938,False,41.63789088499801
209,158.41909198284094,True,8.889124561980713
210,88.95508444957322,False,14.182152715282909
211,83.15438641490843,False,59.78639328232677
212,11.394278520183185,False,6.0192447432439184
213,145.64515683397408,False,18.444903053842356
214,53.523591912725166,False,31.894754985489534
215,51.15589434155687,False,22.991238941445577
216,123.56029850666705,True,11.101622957379266
217,140.80180493112442,False,31.40414748628996
218,26.346788051640676,False,25.913938442360923
219,148.92128384477667,False,83.86665421912132
220,128.44560078408938,False,52.2312050780317
221,124.77329097652301,False,75.99736424159255
222,106.92623626125356,False,19.26278041336808
223,367.68791579750297,True,11.088437134754761
224,48.3511814611717,False,11.099172081439876
225,98.79094947634229,False,13.814118701049113
226,361.9806262284464,True,33.23618344321783
227,54.601785999901125,False,25.85479182366489
228,113.66107523547402,False,31.488084831892962
229,69.41086398342212,False,11.641499018415608
230,99.71454999680284,True,8.554283015777342
231,359.2024013074046,False,108.39446547843714
232,63.55740642008435,False,35.38062129762402
233,173.2951069275369,True,14.371606763833881
234,50.43078545810554,False,19.677969495280646
235,31.910911055064986,True,2.238962182061985
236,210.91598653212654,False,87.55539917336004
237,223.09622876067155,True,0.8409111300753662
238,283.66492646498693,False,42.5176831006856
239,60.224891965892496,False,19.52895182630152
240,108.38693174386727,True,6.645503819348365
241,39.94469149748438,False,32.91215172507797
242,81.58144126755707,False,31.556251460956283
243,173.44007579082236,True,8.216941124568747
244,481.0166026200108,True,38.54159448937266
245,186.3468254058711,False,32.535193924497285
246,266.92357656259804,False,69.11733364599235
247,272.8425210604702,False,29.38110593130466
248,7.995290441787417,False,5.211742450807231
249,121.66927976177124,False,24.27464538152165
250,113.87629627973574,False,74.1235096653774
251,119.46380236296483,False,49.555936863451045
252,44.335223022964,True,2.942050250878544
253,50.51478751634423,False,20.484127888171084
254,15.606828328317626,False,5.065546405083751
255,116.68373071943887,False,13.54533487729566
256,131.93099129305062,False,28.966189279323896
257,66.10485827466974,False,54.466608196213656
258,125.7944107925124,False,91.40857310542546
259,41.34727445492591,False,7.333782909698701
260,36.74244692884099,False,7.921482305433706
261,35.15691405676143,True,3.037092121063311
262,87.05094561969075,False,46.2928527067792
263,240.11269701914864,False,45.42683438965584
264,221.02475143744158,False,116.68880553113861
265,80.49903756888287,False,9.036400095026861
266,277.36447958374396,True,2.559906966190096
267,41.11029454479565,True,1.3037071560210685
268,167.58914008609517,False,42.939333924001936
269,38.12471366075077,False,6.506889598633953
270,117.19427200596674,False,28.78161689830715
271,99.26505261656801,True,0.3629061057577598
272,115.43684967540636,False,21.215243834606245
273,332.1394929148487,True,1.79780363189722
274,42.25304703732541,False,19.448782075641653
275,104.12476894842548,False,102.16534979867684
276,137.8162394027654,False,20.922469499547123
277,99.60668416200488,False,13.196706101412042
278,78.65134982061649,False,76.8126480288732
279,262.4263533007365,False,64.33545264546889
280,13.353516521350688,False,6.383425712683694
281,447.7215572760513,True,26.336469116556408
282,208.36029737577667,False,56.11824353913293
283,93.95250214240266,True,5.337594835244469
284,222.88699764008123,True,4.706371103614387
285,152.12576324934918,False,111.8986426201082
286,115.35610088639224,False,63.56927531920914
287,177.1063082418571,False,36.88333994190951
288,117.81242552279019,False,19.834351871879402
289,62.367899500621846,False,21.43008930750843
290,53.276517336942376,False,35.339293116283784
291,47.48361460055375,False,46.16534145428328
292,128.5228611245734,False,20.65315344959508
293,110.2602269917758,False,78.82648483376919
294,110.63294820525294,False,36.08187408912916
295,131.51701988181406,False,15.1197645661153
296,217.7201211863496,True,5.519469676252586
297,247.11501111645777,True,0.3016018561072767
298,47.32923042429143,False,22.987777214471553
299,160.08650109177913,False,22.377722650608057
300,112.26423000588781,False,43.392009314826396
301,258.636596826816,True,7.808226578349829
302,238.5380474364064,True,7.20725183823214
303,152.4611920993951,False,132.01673414208736
304,138.61913632993546,False,75.12888215237359
305,39.74134432887419,False,18.63190677395065
306,123.05914208286886,False,15.011086015036657
307,107.49753511731421,False,40.871265955122006
308,21.342297034135335,False,10.09850034559409
309,57.403006265443594,False,15.993034792440856
310,227.68006454979923,True,21.896136396115093
311,313.4092427890102,False,93.41477423228939
312,56.77995458928202,True,5.300247187745795
313,245.32299724709523,True,0.7857477691792062
314,69.97970599344718,True,3.400167304403262
315,25.965103729770064,False,15.87331049288358
316,312.4378095962124,False,221.50640915815012
317,306.16111669171653,True,16.854745008859236
318,78.29235873889304,False,56.507216974686926
319,48.615135955266744,False,44.82216262422241
320,175.46636259008972,True,6.59949514227287
321,51.715573484518316,True,3.171413148353604
322,89.83856597118802,False,17.101451800694495
323,35.56389492338918,False,22.205193035163354
324,86.95259042479336,False,86.25668347145952
325,202.50435110277112,False,44.33564823230774
326,33.405214210248744,False,13.457186357107151
327,36.81564089555979,False,35.971352440394455
328,99.72939738551476,False,73.54766184689281
329,74.51647841379948,True,4.489349137560898
330,148.30397299483423,True,13.252816999520821
331,26.166542399272934,False,3.589941186303296
332,100.46928603767097,False,17.24644939389777
333,161.33516726542373,False,19.64997009464033
334,174.75055942205452,True,5.887272550517998
335,74.36924050892367,False,16.91396822743477
336,159.72323696342957,True,12.97927346315327
337,56.30884716943203,True,3.730405127607613
338,219.89713567897283,False,48.7642601746673
339,105.31100492034302,True,7.070120850767299
340,77.6446920647912,False,26.434036948985216
341,24.923163648567936,False,14.223695184571827
342,50.04713351461758,False,23.655045657485065
343,49.16847073454905,False,30.635043559965126
344,90.40238170676514,False,58.34987336423593
345,241.03658622021268,True,7.004248531311107
346,424.01181096320363,True,6.294027042217171
347,335.0518380798507,True,12.002283912810123
348,431.24434130567033,False,76.827666107781
349,277.35600998126097,True,25.08764215247222
350,231.33917144412098,False,113.77114027914668
351,111.22960381130376,True,0.7197372054903938
352,39.01176794949653,False,15.010633578375357
353,177.56163700976026,False,144.59706541672736
354,71.97835333955734,False,40.34459232920055
355,40.48792533433533,False,13.496739756761645
356,303.33007091012445,False,32.588320705134876
357,105.10925123182241,False,74.15255264673176
358,29.29970353340206,False,11.146113416557386
359,36.67087500089165,True,1.7486566928635419
360,25.345537247419134,False,3.1870068326967025
361,178.08710300182474,False,58.15165412157861
362,107.51615376546216,True,3.1327296790860806
363,61.28964195704348,False,7.088086903692231
364,16.286555550447936,False,9.282341776536782
365,97.96796405863034,True,0.4924879173967275
366,26.106519355404387,True,1.5975964541506917
367,86.58385806821713,False,14.695948154555246
368,77.00983424816562,False,45.762154280403465
369,127.62155265653703,False,26.696253374717323
370,221.33817048053498,False,30.107104943259763
371,76.4272987161437,True,4.0317807765882
372,87.65766043235399,False,58.11531346977176
373,245.19946844991443,True,12.445246687268861
374,217.01364065145694,True,19.38972314817031
375,247.69710658023163,True,23.199865994074056
376,11.981675493650688,False,1.5255786048265922
377,159.21402442332547,True,0.6735946591209118
378,150.91869210078238,False,36.11794372969882
379,59.17524977031971,True,3.175296580538483
380,83.00756562978228,False,45.80862021741992
381,230.8187886766088,False,80.24407444451819
382,176.28873321786415,False,126.9862099616952
383,30.023233816295296,False,5.3001625113005115
384,104.66120246253361,False,39.03516065851656
385,248.16694504901182,True,9.702863199441545
386,203.9313033039407,False,94.97703671432204
387,203.00197751589806,True,15.16761839434467
388,74.43840653650258,False,36.244455009407204
389,62.612829771783595,True,2.7300571619914598
390,339.5364311678386,True,8.288275113094118
391,103.4067115158775,False,11.710253591823557
392,63.911157738271434,False,57.7192316930599
393,25.12767976939942,True,0.8325717228087522
394,13.43204259307082,False,9.50153205946557
395,251.85993392185873,False,110.02387864131394
396,139.38538719729013,True,7.548201049483435
397,131.90697198320095,False,47.138093683530435
398,101.73705257085012,False,23.23702280260219
399,227.13337528906598,True,9.23877869306825
400,221.77693254840474,False,38.61992892390449
401,161.29653208086313,False,28.223462677271797
402,182.32257268885266,True,10.94500105340651
403,58.985276746553666,False,16.657458802225346
404,35.491464061134074,False,27.14430229483616
405,103.6313486214101,True,0.8751565316140897
406,25.69342791531674,False,14.283619762884946
407,61.212112995332866,False,23.772095435417313
408,267.8499556140364,False,73.45965866625124
409,52.38099615197356,True,3.760960762322141
410,25.569639733724316,False,4.1183730520186534
411,54.27180753282539,True,5.195153492972297
412,232.9845156305351,True,1.110846446911431
413,64.97296809251225,False,46.32808603225648
414,78.00658729110373,False,25.641568121759082
415,107.31651262064538,False,15.167396700218166
416,8.934139254786711,False,6.005689890462999
417,308.6246390864038,True,16.875345697988884
418,82.13494054562135,False,41.2690098812039
419,86.72787002524251,False,9.168667531814473
420,80.08764597834187,False,66.31441102429203
421,8.496180361259539,False,6.544442082924609
422,211.09165075682688,False,48.3132057399297
423,120.03859362627236,False,21.828366224032507
424,104.62245919297445,True,2.104886898121201
425,39.15953952328164,False,36.44586029715419
426,88.20260236475534,False,60.98396147604958
427,47.249187661417984,False,7.809108143359177
428,199.12366244116038,False,92.34465012908028
429,94.69664683903406,False,14.674971798951601
430,183.66082077981042,False,32.479439058102884
431,216.510703688472,False,37.73978823111115
432,96.0904957455959,False,18.856861749826546
433,119.27279751150235,False,29.618101723420416
434,91.34845660374661,False,40.21503007917096
435,89.20602697071571,False,14.924885259495126
436,210.06698605189368,False,89.05588387879286
437,14.839949850858597,False,13.085956582339376
438,178.99592110601563,False,51.698313702692936
439,8.726689243083166,True,0.3019887070719021
440,241.3858948853492,False,121.46793785859458
441,165.65134005029051,False,59.13547911294631
442,348.33529576188454,True,5.610569967398449
443,107.56272305082031,True,2.583889102861319
444,128.11262774682544,True,7.001055826906413
445,44.74849318219997,False,8.168391026530147
446,251.98842036296986,True,24.26142354616721
447,27.442168216243836,False,11.043024848995142
448,242.34124875023403,False,35.288613374278604
449,66.14317732383782,False,24.210927862786434
450,25.993357676660608,False,17.764320998573346
451,70.39542579091771,False,45.67564962306031
452,77.9717291309949,False,25.811360349738578
453,70.48812613861853,False,36.33851752344691
454,23.726381599083123,False,4.395793000187915
455,86.85180487263563,False,67.87748321982616
456,114.3107670416264,False,42.500596390806145
457,45.56269119279169,False,6.0899466009105385
458,73.08646686604517,False,22.64004423306157
459,38.982312105166756,False,22.956518498961938
460,18.359768022005127,False,11.778733177447204
461,122.65221925519238,True,9.227139853339555
462,340.5752245651482,True,25.302442390893678
463,38.1908842745372,False,31.904335857023508
464,11.82407779017062,False,1.7742548695892428
465,304.8035787426723,True,26.171519021313067
466,82.86307303321611,False,38.51498159329205
467,8.119386037455456,False,0.9711710359749635
468,115.76589846540249,False,23.03088624299865
469,35.92224018863399,False,4.15804723832992
470,281.53104004759894,False,35.30485225009609
471,151.34954501235535,False,99.29904199567336
472,348.6584158235841,True,22.46900946136502
473,201.2674647830545,False,41.18339608793423
474,120.5656641077961,False,18.919610810135474
475,26.87423160299311,False,25.6777130847892
476,110.9147149481597,True,5.3268510481544
477,58.55328423575257,False,18.568473064873455
478,145.09723149729533,False,99.9225286975172
479,189.0817178087688,False,46.925311435041834
480,234.83983298121697,True,3.0773230830066542
481,72.420644447608,False,35.33882293366076
482,128.30377194087725,False,24.34235644883013
483,264.71986736628793,True,10.561837144511298
484,246.7335506789293,False,63.42120582787448
485,113.15461516731702,False,31.65880890655133
486,166.45790921046094,True,12.229599743788757
487,288.70036593915955,False,80.91776693474557
488,336.5256023883296,False,83.34176245677058
489,90.15422508184346,True,5.918349510474492
490,199.13951600255518,True,15.860235715885759
491,80.7132862578034,True,0.9650472235446592
492,312.19181227567157,False,74.68834992773766
493,4.955711607130503,False,4.008391429845482
494,12.866810362866566,False,3.7405616146600424
495,125.79332678328197,False,49.58636341915792
496,90.31919342673216,False,51.399914825592674
497,128.203813240555,True,11.664617582083084
498,85.45836234512413,False,32.16209959509629
499,45.79385277912621,False,22.20497743186321
500,148.79782789897808,False,25.168027231640508
501,25.005734923913945,True,0.9740673117144826
502,49.14878887910312,False,5.992569371626035
503,24.042070413201266,False,21.202449377583022
504,461.3672400928424,True,35.232859906685455
505,103.23499981083772,False,102.08798587865785
506,95.23692892292013,False,30.52731357155276
507,51.43460633576281,False,24.57205438344511
508,56.402830860161046,False,9.017433116128434
509,496.4087927127195,True,10.707525993092585
510,135.48424483354515,False,24.9578237787775
511,170.60942192133373,True,14.972597947944019
512,39.81660968321544,False,14.633543611058489
513,169.93411314687785,False,48.929181599618865
514,100.96078685920817,False,13.766512738794953
515,220.6375205479551,False,75.14482599660566
516,43.298945654996416,False,33.19973745680161
517,54.60636077153896,False,48.57826352518759
518,125.30612238514264,False,53.38854612804289
519,115.05400314355798,False,26.17657764820042
520,333.0966927658467,True,2.969990423518402
521,91.16542037825181,False,25.37626609938504
522,15.65298138809858,False,9.727926707894902
523,179.63137131377644,False,21.72745645380615
524,46.5573913317236,False,30.827719931049746
525,6.74152270387872,False,2.11930659086692
526,140.34121885389507,True,5.236460862796602
527,163.3729545507122,False,30.232227685062817
528,105.45500346289077,False,14.589817152193616
529,452.5027349741974,True,13.700522241125805
530,162.27148846521573,False,32.163890685683164
531,20.17176305411261,False,19.39950082832912
532,72.1606680096018,False,19.25007994351386
533,39.93614470145182,True,3.475289947953186
534,162.9406163848421,False,150.43601198644683
535,90.09839723230209,False,20.43589236253018
536,40.23924624569784,False,26.589301905102648
537,92.17907134240255,False,22.47761753537618
538,36.552578970812704,False,24.19229542933753
539,11.809210740614763,False,4.846833411969278
540,35.046512933941855,False,34.13355406696302
541,56.90796464740106,False,31.017241003997192
542,24.8637018170187,False,6.671950418462803
543,147.22926697634932,False,72.37406788466961
544,35.77415510107485,False,6.662752199560568
545,37.801346768924645,False,27.374977324494253
546,89.96963952230847,False,50.142724664868275
547,145.69614319215597,False,115.2189448906323
548,83.26140806868281,True,8.014364285115255
549,11.297635306507756,False,11.058984956478366
550,80.83771363261111,False,52.41098056630644
551,97.1931731243864,False,93.00549842510762
552,175.69622566801752,True,3.2420699358171268
553,157.96599122001265,False,89.45203321786988
554,234.39566701389452,False,109.75613423157263
555,304.5852797517753,False,44.884826980059316
556,60.87096671296228,True,2.8937939434755493
557,109.04921818046114,False,37.21496738151198
558,337.04303290867324,False,52.28032009478206
559,128.68706267665453,False,33.7286542600653
560,29.08836402069607,False,21.749195494139403
561,254.75582532211934,False,69.28019057689048
562,288.3450359073218,False,89.00533098259486
563,18.492459452066257,False,2.251339012516648
564,90.37142316619006,False,11.040524891203425
565,109.86855422341182,False,26.61641997716216
566,152.18908790242523,False,66.5254710491498
567,124.05053824689753,True,9.44758774244771
568,23.528818175511322,False,10.802618756174642
569,37.619914393443885,False,5.393113876170403
570,155.3685482769395,True,5.417820339295756
571,117.44810064336849,False,25.26797059043167
572,34.06333321088358,False,29.249148605737464
573,59.0021998258259,True,2.6484596178525885
574,125.74353308695066,False,23.512884933826165
575,175.80794754204817,False,102.21704713183492
576,73.69870653626049,False,56.434116230883525
577,186.70384469376071,True,16.850608992853125
578,89.22341808394128,True,3.728914274629
579,62.997358877161744,False,21.96932400520411
580,291.0843705333877,True,6.317184433552762
581,32.273102676075844,False,11.495742660933589
582,59.16698143099377,False,17.672747238872905
583,44.51858358749331,True,1.5295898874398905
584,135.4571812919079,False,90.71912897220243
585,22.152027704267468,True,0.6697025142642046
586,59.04845143953405,True,1.8276446266082385
587,215.10424802851085,True,9.07757835540665
588,482.0681138862379,False,73.12757581650169
589,74.83522234989945,False,15.82389216581364
590,155.91514155160786,False,43.553174109512376
591,33.664209059389925,True,1.7938368519826615
592,133.07365216407428,False,70.95903442619512
593,44.35177356767119,True,3.9875122074724203
594,74.01158208580082,False,35.37922648081909
595,40.759034771120305,True,3.5211120790234136
596,70.5923976027695,False,31.48159289538334
597,82.75550383713735,False,56.168742679633894
598,5.099135839816899,False,0.6840174218145967
599,169.98816183617564,True,1.9602181613290126
600,321.19629495053533,False,51.49613134489137
601,184.80664995844353,True,4.540323036650198
602,64.23483255958222,False,30.19196675268685
603,89.36496103402781,True,2.1234548674412763
604,73.42221838588193,True,4.379010613162466
605,31.30696417245365,False,6.552681492282962
606,41.75338879731336,False,38.66009381303123
607,115.09007397348086,False,21.45263089412769
608,52.220147915938576,False,12.7387629332891
609,40.41117562635949,False,4.958025700765055
610,104.81373142715351,False,52.022092993030036
611,144.6716678919896,True,10.036302647770384
612,206.0625015686769,True,10.102296020375725
613,58.66574865319112,False,23.943602906921825
614,64.27705914199684,False,14.862494071548323
615,146.10236152632964,False,110.89826650342201
616,82.76462468684859,False,41.9798476827354
617,340.9387894380585,False,46.49105633605702
618,24.301440907968445,False,6.353977090733882
619,27.28045462163754,False,26.464254402665997
620,68.52252743882713,False,53.52629354733672
621,28.397297053965328,True,2.647985420051421
622,182.49397998065288,True,0.3065960622923889
623,133.03669814293548,True,5.462011755257631
624,61.20907262424194,False,23.398965815613835
625,58.93643811111781,False,40.206752947857744
626,35.97099232426683,False,32.51207935545036
627,117.41803664600914,False,38.86704704699395
628,54.44072885147002,False,49.716682188544794
629,288.05498478307834,True,3.458685737300061
630,27.54730134242943,False,12.88403581595424
631,11.744830073263625,True,0.042807139728584714
632,13.641737096472706,False,8.790162832487297
633,49.04903192942227,False,10.23863002847427
634,246.5638909669811,False,28.360366380665937
635,63.587769931043496,True,1.5075137682902497
636,55.015308117408374,False,7.63608696444259
637,382.098085604554,False,49.47781360846699
638,92.95525768760331,False,30.048273995120336
639,674.5638347270044,False,167.08199861048274
640,402.97675044606973,False,135.8129606430985
641,333.8726523736557,True,17.400915635797247
642,74.58664092894966,False,38.074023164562824
643,102.74585890353484,False,51.11658280718709
644,248.7244517779688,False,43.313770118592025
645,5.593685051726593,False,5.139401269199478
646,24.86939207305508,False,4.297357146998704
647,68.74130686683421,True,4.085401354705988
648,21.254816073970034,False,8.734091962481527
649,10.149129920418634,True,0.5657888796194723
650,16.862964870194382,False,10.21346020869525
651,176.3506461836353,False,111.80129152018621
652,162.5625383821835,False,70.9331461958285
653,90.12165655731962,False,39.06437883405582
654,50.59501458939339,False,26.031828746927342
655,31.8429555477826,False,24.677556443550525
656,11.123808531507912,False,9.048115682114203
657,141.96713416932704,False,79.80389600593656
658,10.410778883900974,False,8.154387223158192
659,73.10156876979454,False,43.656761319823715
660,89.9985793502509,False,16.794451112735647
661,242.85098467058828,True,22.680768955481685
662,174.00681058974433,True,3.248843334783669
663,107.7136700441582,True,0.6660868747352757
664,43.16732353107345,False,27.689125036127464
665,41.930218409959565,False,14.00840230491429
666,171.41182009721354,True,5.0234888389592
667,12.185356893649605,False,3.8639249722539675
668,141.4134696196922,False,22.035802292797893
669,175.6337606163687,False,49.79148918738787
670,61.13872884014457,False,7.0521255575350486
671,70.73906757047529,False,29.540129456064722
672,216.21417737256468,True,7.158151880757397
673,77.93179470598741,False,49.498842410975044
674,53.83413067690488,False,52.030110643755
675,104.83758752332697,True,8.827356799419245
676,30.506380975822847,False,10.024083107476692
677,111.03980150368993,False,94.74865340520498
678,133.2760451172551,False,32.088294163219494
679,52.031764174297706,False,34.757838422329435
680,19.179075016164596,False,9.88188852077623
681,61.89429532285712,False,9.288577184885316
682,164.23417582089277,False,63.83929637302602
683,55.6148474574101,False,40.08535211124167
684,52.3375233416485,False,19.071300227837312
685,65.97452018564294,False,12.6233096018559
686,108.88547430759813,False,27.641971651717196
687,136.64607067691742,False,50.55277533154761
688,109.57323166633793,True,10.706049429446088
689,37.3116268495542,False,14.80813776251443
690,7.840147078449884,False,7.73854787148265
691,60.42987387559969,True,0.005036710049748597
692,234.09984772612427,False,55.95466215889922
693,59.633468830363995,False,15.44017140725328
694,179.52462766053108,True,13.962543375362173
695,71.04222146443021,False,13.125557402014723
696,34.011536664109535,False,11.45712723498804
697,260.90028333954916,False,63.400630942785696
698,83.95642788871913,True,2.1727064733858454
699,102.28359946200777,False,62.990641567338805
700,110.50721315601422,False,74.38934110456235
701,47.58964789296315,False,29.789260169235476
702,71.79067465305113,False,21.87427757338378
703,184.48684549042937,False,51.50332238698767
704,57.24737325202317,False,48.46685100335101
705,131.65361605210083,True,3.354779572993068
706,115.93051726759035,False,57.502330627075985
707,317.5980246530668,True,30.121494914035743
708,79.67426257327696,True,7.481215790465982
709,107.5095924291363,False,12.310504064629827
710,550.1958780346673,True,18.182202236919586
711,16.25085767668746,False,8.657532629436785
712,35.33790966939354,False,28.71584997746693
713,131.25273611506904,False,33.819690478983865
714,175.753381661782,False,53.17457021708501
715,30.4023925357563,False,5.384287026932862
716,221.48673341130342,False,40.639289937394544
717,122.43713384587352,True,5.6829918871833085
718,154.5514761674723,False,21.975392179049962
719,134.05997591474804,True,5.215675164062132
720,45.35044450481487,False,41.82084300699853
721,124.27021901448273,False,42.65613621973933
722,67.78892539601614,False,45.67601445132804
723,205.51493505711687,False,46.76294169518696
724,64.03234274473425,False,41.73398010788462
725,50.71252528387444,False,13.22446048734039
726,150.67430360497212,False,18.69555970475032
727,83.29945996986778,False,24.53885043115619
728,71.08943522717595,True,6.266383386553789
729,128.04083464233202,False,28.979549569195687
730,122.40230456418547,False,45.90438627735026
731,47.317765314947465,False,9.67946698332539
732,488.381389051655,True,36.491715529970776
733,511.53320096674713,False,228.04673924915235
734,107.60639061313432,False,64.94092154276451
735,20.983251300106183,False,12.775212429973024
736,82.23954780714838,False,55.97174399207321
737,60.081697985206844,False,24.53435422130382
738,42.447539042395874,False,6.428614798927994
739,49.23219006293636,False,48.243947880164406
740,43.55121434665851,True,1.1293946918119782
741,150.30870110450422,True,5.391755227835252
742,116.10744721262654,False,39.05596692842919
743,131.57983046775945,False,127.37669029867716
744,90.37820943607937,False,31.157769838212047
745,63.09057212548756,True,1.5947321147515223
746,57.788760228593496,True,5.722017430410946
747,20.7105674254406,False,8.790959325595551
748,39.91768345851442,True,3.471154658727867
749,158.55014598485494,False,46.42616088463184
750,68.92016326592707,False,30.68461694850972
751,366.4157831964142,False,44.10404335583654
752,109.25041926146022,True,8.425855090185747
753,32.911193398724265,False,16.214004365752697
754,55.68018767590371,False,24.60335033560523
755,340.24768574907637,True,1.8081190244151286
756,83.09767905883265,True,1.9853763794518497
757,75.44901532692987,False,9.608629066398445
758,40.57898506554739,False,36.93419072715693
759,55.62677163622171,False,6.935055501543291
760,353.69811524237355,False,122.46864861437956
761,86.08949729841693,False,11.842074983808859
762,317.18884536742155,False,72.58391168070155
763,86.61986682802701,False,29.180885816666294
764,75.29105567613087,True,3.3777892740909756
765,49.12239173261461,False,40.00739189837772
766,125.18641706614893,False,68.23989049550163
767,78.79795647030704,False,33.316411171630214
768,180.9889769659949,True,12.787307445126492
769,52.97025730887432,True,0.43890099758929907
770,30.491847187924584,False,7.509214041797773
771,66.61239926523359,False,50.42687442872337
772,33.72274745660205,False,28.5296297037052
773,120.38867747479358,False,21.760873380969677
774,387.7660545663838,False,51.151688492921345
775,210.20843965706004,True,6.6738704082100995
776,176.57406933536822,True,7.645979699422166
777,287.7152614445396,False,70.9886948731805
778,39.754918137762914,False,17.347811155364724
779,106.48824249790056,True,4.624193841359587
780,48.89910086297631,False,35.86999691809263
781,106.2110526543629,True,9.88798151969698
782,267.71876640882596,False,65.89768545649713
783,97.18190757057585,False,16.91970508635199
784,41.652712226954144,False,39.27549674218543
785,65.23695697357141,False,10.818945333921889
786,291.9671376555028,False,53.69096386544009
787,27.100154440612688,False,8.364612143602699
788,251.9415568714299,True,6.716505959583948
789,184.3034816851463,False,52.51316861067127
790,90.78980730639711,False,81.37299119292926
791,186.33989728306312,False,41.23494126517226
792,164.53230418141345,False,99.30341737068235
793,129.74701448533816,False,94.15228651002265
794,29.591608333719655,False,27.74899680451326
795,308.15622764706,False,78.18621706701491
796,280.18727446639366,False,43.98179054669086
797,5.210930771625204,False,2.240874298801226
798,16.433913127592735,True,0.12199332416391762
799,36.53625525285504,False,15.22684249291868
800,425.96349030732284,True,36.99844296513536
801,47.57948779725781,False,23.953346445669247
802,169.45754418199243,True,11.350688215571232
803,156.256433333854,False,65.83406433014285
804,495.01972583413215,True,19.937926424006452
805,43.0898374012246,False,25.01046227068054
806,46.70506634568882,False,13.683590893169127
807,164.78845048926294,True,6.934165628947559
808,162.70159936093486,False,82.18674269857803
809,106.81707294095351,False,97.47231897680724
810,73.99104056854877,False,11.641130721141556
811,139.92192089953187,False,27.316495787612688
812,185.80712362353574,False,61.91235650034744
813,8.899946999791943,False,7.288649172755526
814,148.2112020868448,False,28.84537125151443
815,56.79097125298963,False,19.675722160042575
816,82.64504774543774,False,27.590856647135976
817,88.18427593625557,False,54.71001748558738
818,179.00784257811856,True,0.7865193066792556
819,114.36578257669677,False,23.62820416982279
820,138.2845122246854,False,101.36811078213033
821,196.10117803135273,True,17.758574706484467
822,142.7380042908077,False,25.119249337392365
823,40.96515666919175,False,6.555379832714103
824,244.4271103670133,False,62.34373877017572
825,60.03201721121309,False,13.999711611974579
826,143.50210207409617,False,23.157156463710677
827,73.79835053657821,False,17.824027156189246
828,67.70796298022665,False,28.440705361215137
829,98.04779102541254,False,30.36336955354336
830,389.13024582338835,False,41.74540584131145
831,105.84124268772098,False,19.95242744586077
832,55.22957687357001,False,43.125689492454
833,263.3053682502347,False,35.40618880215504
834,189.28613570895504,False,58.1838504423536
835,239.96343260863998,False,34.79764921318833
836,164.19335369493632,False,19.465050311566074
837,152.79820889164216,False,111.30902842403124
838,127.8655376374942,True,1.8152091932674383
839,79.82439728007284,False,18.106274808220054
840,442.68758225739583,True,16.343994572129546
841,67.91971927154981,False,10.464553787629871
842,262.14560798565276,True,4.620710458881092
843,338.33600979772837,False,210.0265359065366
844,52.54950386516127,False,47.05849768578474
845,223.6003333959645,False,145.70386632936075
846,132.92123733563153,False,48.89139999280367
847,21.87442596732927,False,19.348071109129712
848,68.25638125951772,False,21.140516487101117
849,25.86850518009588,False,21.643858061006252
850,82.6175045084827,False,14.017468022893576
851,118.35219011444063,False,17.806569221137863
852,131.16599607803425,False,41.47918774608682
853,95.44252111141556,False,22.24354803459595
854,61.30840824572005,True,0.41711993674135966
855,313.2122675979753,False,73.58482980516338
856,161.31125222120082,False,43.236297973014324
857,38.4711833500889,True,0.5717618857259927
858,65.9290576537393,False,32.48736834779197
859,45.03263575918497,False,6.737640575883414
860,127.61404566858597,True,12.25725522949989
861,71.26912281310838,True,1.9910034302482418
862,133.65279503781002,False,72.28852363438848
863,137.05106822088706,False,62.83161679316767
864,67.36491619946871,True,4.024294375924987
865,23.75541473689805,False,14.511482350357499
866,259.3961153188321,True,16.7718405913453
867,39.58286068445553,False,13.656037503577343
868,128.2717518035897,True,1.5953456137781952
869,109.50351291526276,False,51.38985899788958
870,131.99548863432506,True,11.498420781158307
871,12.154993266600762,True,0.0742811509756165
872,127.44039490890503,False,113.68124349571605
873,362.03122962246243,False,47.22870380616693
874,288.5122175225758,True,23.67506799906129
875,82.31906028095341,False,43.881206685639846
876,116.3987889758686,False,87.90166748076979
877,409.0222569342817,True,7.307928556325607
878,114.25970245616884,False,59.75810452947849
879,58.2812351856445,True,1.7679512032677727
880,129.49341218973393,False,72.35585882842688
881,25.695906882957043,False,25.284518692214068
882,55.3233621067682,False,44.9905041238381
883,122.06370502902573,True,11.28995049272632
884,91.17848775467367,False,28.264374050922402
885,215.26591870268103,False,32.716459544641225
886,44.56128320739599,False,24.183775817731814
887,50.01871912292652,True,3.4044562602374313
888,132.98931488613792,True,7.785916380238701
889,168.2195103370213,False,76.08300196823497
890,95.43623002354535,False,11.159970427624907
891,27.93628249719692,False,14.715395671847116
892,9.493551084915643,False,6.355268919698681
893,126.713622369864,False,32.56046092067199
894,67.86130091569967,True,6.123014851138885
895,200.53784248235195,True,7.114701787768752
896,189.04062359123733,False,61.417051893932914
897,55.6446952522651,False,30.12540143088713
898,66.80868582243036,False,14.067967352977638
899,70.66319286390183,False,43.38136503264206
900,13.949412888319639,False,12.70474013578271
901,121.06655500946573,False,73.70430744136569
902,136.03564980525832,False,24.644278217201364
903,43.510239544596104,False,7.978402643022061
904,278.0936399537856,True,22.554593433366417
905,26.382417777731966,False,14.693579566768364
906,125.11819212931925,True,7.693632343661747
907,87.37718283187557,False,16.65109986695388
908,45.35036222815432,False,8.973278406502155
909,17.710684398217754,False,15.685240159721205
910,24.90913512357322,False,17.096341235416347
911,27.700361205194596,False,5.653293900151654
912,172.46659126809973,False,24.37356703209469
913,109.03319806171386,False,18.731765180757947
914,40.92491243808463,True,2.7352290331950933
915,94.32332949933367,True,7.997182939094179
916,179.85832930932696,False,18.00197386386806
917,133.07497663671174,True,9.567059442666372
918,147.80824658872336,True,5.5865410490403775
919,391.8624298481862,True,18.184952812466083
920,87.45775393681268,False,67.38492894074533
921,526.513453237032,True,11.099568584095893
922,110.82231589852964,False,43.98087624514803
923,208.79776077116935,False,36.821422495851515
924,108.87459757040787,False,55.00195400549134
925,102.31080867096347,False,36.094387217774134
926,305.9764616717866,True,4.148985505908004
927,149.1916897432102,False,19.806926559200594
928,16.679615378050173,False,14.919434152856214
929,41.60860431840753,False,13.067435083232724
930,73.66113138426637,False,26.650425491887884
931,98.992360505719,False,46.13561257594167
932,53.899642734932414,False,23.381333211699694
933,160.05293180550726,True,2.442947050596992
934,31.9142463577067,False,19.83224563530455
935,15.962949546930044,False,6.291690401700748
936,46.642113305193405,False,28.888340320799887
937,180.1566338585357,False,31.082141381056505
938,84.21010219743933,True,2.9808984261242326
939,62.81250091804674,False,27.31761390069941
940,131.20945418495276,True,10.3022580609309
941,170.86280552177146,False,119.459423584756
942,119.16080596228365,True,3.105633187108401
943,20.674895423806287,True,0.99966461903087
944,227.95925335816835,False,74.26390909896116
945,111.88618959179637,False,38.41666372280851
946,39.65673691303274,False,22.951975804268
947,58.66986168288937,False,9.72378709462451
948,21.677880557357593,True,1.1198161714216504
949,68.07929625542113,False,48.1862231293213
950,88.5807830203104,False,65.45037520061048
951,103.71936748362067,False,10.422599362036133
952,91.58885303985551,False,36.405433350439914
953,360.9373039728025,True,5.827786176749261
954,77.48241956365587,False,65.28618106422697
955,270.14727711704825,False,93.66975488177889
956,265.31283342364895,False,49.197213244545296
957,99.79942567504945,False,14.96944737211362
958,107.89687372247364,False,78.29149544696773
959,114.98111364134638,False,63.472685679159895
960,124.14203599008832,False,112.03422575500406
961,334.2373420651899,True,6.391020197949463
962,25.15601265673033,False,5.440212903140103
963,52.533684482117565,False,21.84823351469798
964,49.15063314797804,False,24.713165193013317
965,341.4574148214834,True,28.851527827719735
966,162.94525939812618,True,14.293706557782691
967,131.29459781518722,True,6.232953286712147
968,115.91855305485589,False,17.184939547854363
969,219.8614336348747,False,61.42699268119368
970,67.10515431310064,False,58.3307734684931
971,58.66746255201156,False,21.895100124798386
972,55.8514777264416,False,18.29440883034115
973,151.0891593411203,False,23.008404018872323
974,57.174643625743236,False,38.613336284994276
975,259.4343046818678,True,10.488823677670606
976,96.98709654813294,False,45.32671253673005
977,122.30400646005936,False,116.57400167836293
978,32.798574431738,False,26.048256537604406
979,7.048949991160049,False,1.632495788740991
980,66.46123781475822,False,45.74445936197906
981,65.26720820938186,False,53.121316592642565
982,118.90279032355934,True,7.26833164279163
983,133.6003439866999,False,14.130236048170989
984,80.22949136805775,False,44.55817890813423
985,236.13726901824134,False,49.98125763672174
986,63.196476371961396,False,25.09964404556141
987,241.45923502884,False,100.18807374838259
988,101.11672574640494,False,64.1601473147521
989,278.4123249726823,False,54.49889692489433
990,140.35585016704812,False,67.64088357718869
991,79.56058464812585,False,36.9296429187567
992,84.14072954147221,False,55.11361429571715
993,338.10013258551385,False,219.78415318452443
994,23.70346316256923,False,17.974657367049986
995,283.8354062836006,False,76.43942286101876
996,128.86448494333754,False,66.62449126341681
997,105.88669410852923,False,84.77302939788939
998,98.73731706475438,True,0.5353604381396099
999,59.44651551669622,False,43.29479870231163
